site,decimalLatitude,decimalLongitude,elevation_m,tree_cover_pct,rainfall_mm,bio1,bio15,worldcover_label,stateProvince,year,gbifID,scientificName
GBIF_5459819072,-6.051637,147.18805,1183.0,99.8,2946.0,21.429166793823242,40.78110885620117,Tree cover,Morobe,2024,5459819072,"Paradisaea guilielmi Cabanis, 1888"
GBIF_5576134480,-6.051637,147.18805,1183.0,99.8,2946.0,21.429166793823242,40.78110885620117,Tree cover,Morobe,2024,5576134480,"Paradisaea guilielmi Cabanis, 1888"
GBIF_5367725248,-6.053763,147.18925,1183.0,99.8,2946.0,21.429166793823242,40.78110885620117,Tree cover,Morobe,2024,5367725248,"Paradisaea guilielmi Cabanis, 1888"
GBIF_5376833675,-6.053763,147.18925,1183.0,99.8,2946.0,21.429166793823242,40.78110885620117,Tree cover,Morobe,2024,5376833675,"Paradisaea guilielmi Cabanis, 1888"
GBIF_5380471029,-6.048604,147.19206,1183.0,99.0,3089.0,22.362499237060547,43.62090301513672,Tree cover,Morobe,2024,5380471029,"Paradisaea guilielmi Cabanis, 1888"
GBIF_5390997775,-6.053763,147.18925,1183.0,99.8,2946.0,21.429166793823242,40.78110885620117,Tree cover,Morobe,2024,5390997775,"Paradisaea guilielmi Cabanis, 1888"
GBIF_5391865974,-6.053763,147.18925,1183.0,99.8,2946.0,21.429166793823242,40.78110885620117,Tree cover,Morobe,2024,5391865974,"Paradisaea guilielmi Cabanis, 1888"
GBIF_5421288086,-6.048604,147.19206,1183.0,99.0,3089.0,22.362499237060547,43.62090301513672,Tree cover,Morobe,2024,5421288086,"Paradisaea guilielmi Cabanis, 1888"
GBIF_5427100220,-6.053763,147.18925,1183.0,99.8,2946.0,21.429166793823242,40.78110885620117,Tree cover,Morobe,2024,5427100220,"Paradisaea guilielmi Cabanis, 1888"
GBIF_5428343705,-6.053645,147.18936,1183.0,99.8,2946.0,21.429166793823242,40.78110885620117,Tree cover,Morobe,2024,5428343705,"Paradisaea guilielmi Cabanis, 1888"
GBIF_5432469564,-6.048604,147.19206,1183.0,99.0,3089.0,22.362499237060547,43.62090301513672,Tree cover,Morobe,2024,5432469564,"Paradisaea guilielmi Cabanis, 1888"
GBIF_5460515484,-6.053763,147.18925,1183.0,99.8,2946.0,21.429166793823242,40.78110885620117,Tree cover,Morobe,2024,5460515484,"Paradisaea guilielmi Cabanis, 1888"
GBIF_5622959783,-6.048604,147.19206,1183.0,99.0,3089.0,22.362499237060547,43.62090301513672,Tree cover,Morobe,2024,5622959783,"Paradisaea guilielmi Cabanis, 1888"
GBIF_5653662321,-6.053763,147.18925,1183.0,99.8,2946.0,21.429166793823242,40.78110885620117,Tree cover,Morobe,2024,5653662321,"Paradisaea guilielmi Cabanis, 1888"
GBIF_5696809272,-6.053763,147.18925,1183.0,99.8,2946.0,21.429166793823242,40.78110885620117,Tree cover,Morobe,2024,5696809272,"Paradisaea guilielmi Cabanis, 1888"
GBIF_5151724383,-6.0719,147.1817,1183.0,99.7,2804.0,20.254167556762695,41.24840545654297,Tree cover,,2024,5151724383,"Paradisaea guilielmi Cabanis, 1888"
GBIF_5151734382,-6.0719,147.1817,1183.0,99.7,2804.0,20.254167556762695,41.24840545654297,Tree cover,,2024,5151734382,"Paradisaea guilielmi Cabanis, 1888"
GBIF_5151741387,-6.0719,147.1817,1183.0,99.7,2804.0,20.254167556762695,41.24840545654297,Tree cover,,2024,5151741387,"Paradisaea guilielmi Cabanis, 1888"
GBIF_5151748390,-6.0719,147.1817,1183.0,99.7,2804.0,20.254167556762695,41.24840545654297,Tree cover,,2024,5151748390,"Paradisaea guilielmi Cabanis, 1888"
GBIF_5301691751,-6.09272,147.1981,1813.0,98.5,2673.0,18.15416717529297,38.232601165771484,Tree cover,Morobe,2024,5301691751,"Paradisaea guilielmi Cabanis, 1888"
GBIF_5314583702,-6.09272,147.1981,1813.0,98.5,2673.0,18.15416717529297,38.232601165771484,Tree cover,Morobe,2024,5314583702,"Paradisaea guilielmi Cabanis, 1888"
GBIF_5324113970,-6.09272,147.1981,1813.0,98.5,2673.0,18.15416717529297,38.232601165771484,Tree cover,Morobe,2024,5324113970,"Paradisaea guilielmi Cabanis, 1888"
GBIF_5325304552,-6.09301,147.19818,1813.0,98.5,2673.0,18.15416717529297,38.232601165771484,Tree cover,Morobe,2024,5325304552,"Paradisaea guilielmi Cabanis, 1888"
GBIF_5348110994,-6.09272,147.1981,1813.0,98.5,2673.0,18.15416717529297,38.232601165771484,Tree cover,Morobe,2024,5348110994,"Paradisaea guilielmi Cabanis, 1888"
GBIF_5370165291,-6.09272,147.1981,1813.0,98.5,2673.0,18.15416717529297,38.232601165771484,Tree cover,Morobe,2024,5370165291,"Paradisaea guilielmi Cabanis, 1888"
GBIF_5388681190,-6.09301,147.19818,1813.0,98.5,2673.0,18.15416717529297,38.232601165771484,Tree cover,Morobe,2024,5388681190,"Paradisaea guilielmi Cabanis, 1888"
GBIF_5482690977,-6.09272,147.1981,1813.0,98.5,2673.0,18.15416717529297,38.232601165771484,Tree cover,Morobe,2024,5482690977,"Paradisaea guilielmi Cabanis, 1888"
GBIF_5528833465,-6.09272,147.1981,1813.0,98.5,2673.0,18.15416717529297,38.232601165771484,Tree cover,Morobe,2024,5528833465,"Paradisaea guilielmi Cabanis, 1888"
GBIF_5672252861,-6.09272,147.1981,1813.0,98.5,2673.0,18.15416717529297,38.232601165771484,Tree cover,Morobe,2024,5672252861,"Paradisaea guilielmi Cabanis, 1888"
GBIF_4692142577,-6.051736,147.18832,1183.0,99.8,2946.0,21.429166793823242,40.78110885620117,Tree cover,Morobe,2023,4692142577,"Paradisaea guilielmi Cabanis, 1888"
GBIF_4708697831,-6.051736,147.18832,1183.0,99.8,2946.0,21.429166793823242,40.78110885620117,Tree cover,Morobe,2023,4708697831,"Paradisaea guilielmi Cabanis, 1888"
GBIF_4713007030,-6.09272,147.1981,1813.0,98.5,2673.0,18.15416717529297,38.232601165771484,Tree cover,Morobe,2023,4713007030,"Paradisaea guilielmi Cabanis, 1888"
GBIF_5488336903,-6.051736,147.18832,1183.0,99.8,2946.0,21.429166793823242,40.78110885620117,Tree cover,Morobe,2023,5488336903,"Paradisaea guilielmi Cabanis, 1888"
GBIF_4187616811,-6.029125,147.19821,508.0,94.6,3405.0,23.741666793823242,47.41062927246094,Tree cover,Morobe,2022,4187616811,"Paradisaea guilielmi Cabanis, 1888"
GBIF_4199987020,-6.029125,147.19821,508.0,94.6,3405.0,23.741666793823242,47.41062927246094,Tree cover,Morobe,2022,4199987020,"Paradisaea guilielmi Cabanis, 1888"
GBIF_4235510992,-6.029125,147.19821,508.0,94.6,3405.0,23.741666793823242,47.41062927246094,Tree cover,Morobe,2022,4235510992,"Paradisaea guilielmi Cabanis, 1888"
GBIF_4244271479,-6.029125,147.19821,508.0,94.6,3405.0,23.741666793823242,47.41062927246094,Tree cover,Morobe,2022,4244271479,"Paradisaea guilielmi Cabanis, 1888"
GBIF_4373864946,-6.029125,147.19821,508.0,94.6,3405.0,23.741666793823242,47.41062927246094,Tree cover,Morobe,2022,4373864946,"Paradisaea guilielmi Cabanis, 1888"
GBIF_2693326436,-6.115515,147.19884,1813.0,98.4,2632.0,17.683332443237305,39.027610778808594,Grassland,Morobe,2019,2693326436,"Paradisaea guilielmi Cabanis, 1888"
GBIF_2699976505,-6.061307,147.19014,1183.0,99.9,2877.0,20.820833206176758,39.842384338378906,Tree cover,Morobe,2019,2699976505,"Paradisaea guilielmi Cabanis, 1888"
GBIF_2703370520,-6.061307,147.19014,1183.0,99.9,2877.0,20.820833206176758,39.842384338378906,Tree cover,Morobe,2019,2703370520,"Paradisaea guilielmi Cabanis, 1888"
GBIF_2705045554,-6.051855,147.1906,1183.0,99.8,2946.0,21.429166793823242,40.78110885620117,Tree cover,Morobe,2019,2705045554,"Paradisaea guilielmi Cabanis, 1888"
GBIF_2755869698,-6.115515,147.19884,1813.0,98.4,2632.0,17.683332443237305,39.027610778808594,Grassland,Morobe,2019,2755869698,"Paradisaea guilielmi Cabanis, 1888"
GBIF_2763734675,-6.036544,147.19629,508.0,95.8,3261.0,23.058332443237305,46.96641540527344,Tree cover,Morobe,2019,2763734675,"Paradisaea guilielmi Cabanis, 1888"
GBIF_2770769379,-6.051855,147.1906,1183.0,99.8,2946.0,21.429166793823242,40.78110885620117,Tree cover,Morobe,2019,2770769379,"Paradisaea guilielmi Cabanis, 1888"
GBIF_2788965434,-6.036544,147.19629,508.0,95.8,3261.0,23.058332443237305,46.96641540527344,Tree cover,Morobe,2019,2788965434,"Paradisaea guilielmi Cabanis, 1888"
GBIF_2725277081,-6.09272,147.1981,1813.0,98.5,2673.0,18.15416717529297,38.232601165771484,Tree cover,Morobe,2019,2725277081,"Paradisaea guilielmi Cabanis, 1888"
GBIF_2763603050,-6.094894,147.19696,1813.0,98.5,2673.0,18.15416717529297,38.232601165771484,Tree cover,Morobe,2019,2763603050,"Paradisaea guilielmi Cabanis, 1888"
GBIF_2799918129,-6.09272,147.1981,1813.0,98.5,2673.0,18.15416717529297,38.232601165771484,Tree cover,Morobe,2019,2799918129,"Paradisaea guilielmi Cabanis, 1888"
GBIF_3283502083,-6.09272,147.1981,1813.0,98.5,2673.0,18.15416717529297,38.232601165771484,Tree cover,Morobe,2019,3283502083,"Paradisaea guilielmi Cabanis, 1888"
GBIF_2721022861,-6.094975,147.19714,1813.0,98.5,2673.0,18.15416717529297,38.232601165771484,Tree cover,Morobe,2019,2721022861,"Paradisaea guilielmi Cabanis, 1888"
GBIF_2205468906,-6.027997,147.19722,508.0,94.6,3405.0,23.741666793823242,47.41062927246094,Tree cover,Morobe,2018,2205468906,"Paradisaea guilielmi Cabanis, 1888"
GBIF_2207285338,-6.027997,147.19722,508.0,94.6,3405.0,23.741666793823242,47.41062927246094,Tree cover,Morobe,2018,2207285338,"Paradisaea guilielmi Cabanis, 1888"
GBIF_3218875347,-6.029125,147.19821,508.0,94.6,3405.0,23.741666793823242,47.41062927246094,Tree cover,Morobe,2018,3218875347,"Paradisaea guilielmi Cabanis, 1888"
GBIF_2214857873,-6.360827,146.97903,1828.0,89.1,2480.0,18.412500381469727,28.972116470336914,Grassland,Morobe,2018,2214857873,"Paradisaea guilielmi Cabanis, 1888"
GBIF_2227763044,-6.360827,146.97903,1828.0,89.1,2480.0,18.412500381469727,28.972116470336914,Grassland,Morobe,2018,2227763044,"Paradisaea guilielmi Cabanis, 1888"
GBIF_3813656315,-6.0035,147.1986,508.0,99.7,2910.0,25.79166603088379,31.423730850219727,Tree cover,,2017,3813656315,"Paradisaea guilielmi Cabanis, 1888"
GBIF_1752003761,-6.015869,147.1953,508.0,99.7,2924.0,25.22916603088379,33.98624801635742,Tree cover,Morobe,2016,1752003761,"Paradisaea guilielmi Cabanis, 1888"
GBIF_1752006934,-6.015869,147.1953,508.0,99.7,2924.0,25.22916603088379,33.98624801635742,Tree cover,Morobe,2016,1752006934,"Paradisaea guilielmi Cabanis, 1888"
GBIF_1752008807,-6.015869,147.1953,508.0,99.7,2924.0,25.22916603088379,33.98624801635742,Tree cover,Morobe,2016,1752008807,"Paradisaea guilielmi Cabanis, 1888"
GBIF_2795467542,-6.3535,147.2141,2664.0,7.3,2546.0,13.574999809265137,36.3474235534668,Herbaceous wetland,Morobe,2014,2795467542,"Paradisaea guilielmi Cabanis, 1888"
GBIF_2799596812,-6.3535,147.2141,2664.0,7.3,2546.0,13.574999809265137,36.3474235534668,Herbaceous wetland,Morobe,2014,2799596812,"Paradisaea guilielmi Cabanis, 1888"
GBIF_5420649003,-6.050148,146.81706,1128.0,98.5,2495.0,20.245832443237305,44.336238861083984,Grassland,Morobe,2014,5420649003,"Paradisaea guilielmi Cabanis, 1888"
GBIF_5701936463,-6.046875,146.82204,1128.0,99.6,2472.0,19.40416717529297,43.87367248535156,Tree cover,Morobe,2014,5701936463,"Paradisaea guilielmi Cabanis, 1888"
GBIF_5400653850,-6.070067,146.81357,1128.0,89.4,2504.0,21.704166412353516,48.055580139160156,Tree cover,Morobe,2014,5400653850,"Paradisaea guilielmi Cabanis, 1888"
GBIF_5403948328,-6.050148,146.81706,1128.0,98.5,2495.0,20.245832443237305,44.336238861083984,Grassland,Morobe,2014,5403948328,"Paradisaea guilielmi Cabanis, 1888"
GBIF_5430927912,-6.046875,146.82204,1128.0,99.6,2472.0,19.40416717529297,43.87367248535156,Tree cover,Morobe,2014,5430927912,"Paradisaea guilielmi Cabanis, 1888"
GBIF_5704243778,-6.075717,146.81189,1128.0,85.1,2491.0,21.47916603088379,46.83504867553711,Tree cover,Morobe,2014,5704243778,"Paradisaea guilielmi Cabanis, 1888"
GBIF_834651265,-6.041489,146.82301,1731.0,99.8,2393.0,17.6875,42.988834381103516,Tree cover,Morobe,2012,834651265,"Paradisaea guilielmi Cabanis, 1888"
GBIF_834779452,-6.027896,146.80687,1731.0,99.0,2449.0,19.64583396911621,44.266841888427734,Tree cover,Morobe,2012,834779452,"Paradisaea guilielmi Cabanis, 1888"
GBIF_4775138460,-6.08926,147.42513,1251.0,99.7,3110.0,21.995832443237305,35.64485168457031,Tree cover,Morobe,2012,4775138460,"Paradisaea guilielmi Cabanis, 1888"
GBIF_935251883,-6.143312,146.49278,1214.0,93.1,2357.0,20.16666603088379,37.76653289794922,Tree cover,Morobe,2011,935251883,"Paradisaea guilielmi Cabanis, 1888"
GBIF_594148888,-6.027896,146.80687,1731.0,99.0,2449.0,19.64583396911621,44.266841888427734,Tree cover,Morobe,2011,594148888,"Paradisaea guilielmi Cabanis, 1888"
GBIF_594335993,-6.027896,146.80687,1731.0,99.0,2449.0,19.64583396911621,44.266841888427734,Tree cover,Morobe,2011,594335993,"Paradisaea guilielmi Cabanis, 1888"
GBIF_594188678,-5.963454,146.86768,1054.0,100.0,2877.0,23.245832443237305,49.06375503540039,Tree cover,Morobe,2011,594188678,"Paradisaea guilielmi Cabanis, 1888"
GBIF_594195837,-5.982883,146.87267,1054.0,100.0,2891.0,22.325000762939453,46.30883026123047,Tree cover,Morobe,2011,594195837,"Paradisaea guilielmi Cabanis, 1888"
GBIF_833900857,-5.963454,146.86768,1054.0,100.0,2877.0,23.245832443237305,49.06375503540039,Tree cover,Morobe,2011,833900857,"Paradisaea guilielmi Cabanis, 1888"
GBIF_833918989,-5.982883,146.87267,1054.0,100.0,2891.0,22.325000762939453,46.30883026123047,Tree cover,Morobe,2011,833918989,"Paradisaea guilielmi Cabanis, 1888"
GBIF_592548949,-5.964408,146.83698,1054.0,99.8,2832.0,22.22916603088379,46.24231719970703,Tree cover,Morobe,2010,592548949,"Paradisaea guilielmi Cabanis, 1888"
GBIF_592624999,-5.93112,146.82944,755.0,100.0,2651.0,24.304166793823242,51.124053955078125,Tree cover,Morobe,2010,592624999,"Paradisaea guilielmi Cabanis, 1888"
GBIF_592627787,-5.950729,146.84395,470.0,100.0,2816.0,23.762500762939453,49.407386779785156,Tree cover,Morobe,2010,592627787,"Paradisaea guilielmi Cabanis, 1888"
GBIF_833833443,-5.950729,146.84395,470.0,100.0,2816.0,23.762500762939453,49.407386779785156,Tree cover,Morobe,2010,833833443,"Paradisaea guilielmi Cabanis, 1888"
GBIF_833839508,-5.93112,146.82944,755.0,100.0,2651.0,24.304166793823242,51.124053955078125,Tree cover,Morobe,2010,833839508,"Paradisaea guilielmi Cabanis, 1888"
GBIF_833847021,-5.964408,146.83698,1054.0,99.8,2832.0,22.22916603088379,46.24231719970703,Tree cover,Morobe,2010,833847021,"Paradisaea guilielmi Cabanis, 1888"
GBIF_592556860,-5.951588,146.8596,470.0,100.0,2692.0,24.47916603088379,48.77706527709961,Tree cover,Morobe,2010,592556860,"Paradisaea guilielmi Cabanis, 1888"
GBIF_833835561,-5.951588,146.8596,470.0,100.0,2692.0,24.47916603088379,48.77706527709961,Tree cover,Morobe,2010,833835561,"Paradisaea guilielmi Cabanis, 1888"
GBIF_2691774052,-6.029125,147.19821,508.0,94.6,3405.0,23.741666793823242,47.41062927246094,Tree cover,Morobe,2010,2691774052,"Paradisaea guilielmi Cabanis, 1888"
GBIF_1147069862,-6.037492,147.201011,508.0,99.6,3235.0,23.09166717529297,47.19521713256836,Tree cover,Morobe,2007,1147069862,"Paradisaea guilielmi Cabanis, 1888"
GBIF_1147140480,-6.037492,147.201011,508.0,99.6,3235.0,23.09166717529297,47.19521713256836,Tree cover,Morobe,2007,1147140480,"Paradisaea guilielmi Cabanis, 1888"
GBIF_1147176114,-6.037492,147.201011,508.0,99.6,3235.0,23.09166717529297,47.19521713256836,Tree cover,Morobe,2007,1147176114,"Paradisaea guilielmi Cabanis, 1888"
GBIF_1147217409,-6.037492,147.201011,508.0,99.6,3235.0,23.09166717529297,47.19521713256836,Tree cover,Morobe,2007,1147217409,"Paradisaea guilielmi Cabanis, 1888"
GBIF_5682770919,-6.00344,147.19868,508.0,99.7,2910.0,25.79166603088379,31.423730850219727,Tree cover,Morobe,2007,5682770919,"Paradisaea guilielmi Cabanis, 1888"
GBIF_5712399351,-6.00344,147.19868,508.0,99.7,2910.0,25.79166603088379,31.423730850219727,Tree cover,Morobe,2007,5712399351,"Paradisaea guilielmi Cabanis, 1888"
GBIF_2726401348,-6.3535,147.214,2664.0,7.3,2546.0,13.574999809265137,36.3474235534668,Herbaceous wetland,Morobe,2007,2726401348,"Paradisaea guilielmi Cabanis, 1888"
GBIF_2725462343,-6.029125,147.19821,508.0,94.6,3405.0,23.741666793823242,47.41062927246094,Tree cover,Morobe,2005,2725462343,"Paradisaea guilielmi Cabanis, 1888"
GBIF_4251321223,-5.874639,146.71892,497.0,99.9,2782.0,22.258333206176758,47.73381423950195,Tree cover,Madang,2004,4251321223,"Paradisaea guilielmi Cabanis, 1888"
GBIF_4279196814,-5.874639,146.71892,497.0,99.9,2782.0,22.258333206176758,47.73381423950195,Tree cover,Madang,2004,4279196814,"Paradisaea guilielmi Cabanis, 1888"
GBIF_4310877432,-5.874639,146.71892,497.0,99.9,2782.0,22.258333206176758,47.73381423950195,Tree cover,Madang,2004,4310877432,"Paradisaea guilielmi Cabanis, 1888"
GBIF_4376717369,-5.874639,146.71892,497.0,99.9,2782.0,22.258333206176758,47.73381423950195,Tree cover,Madang,2004,4376717369,"Paradisaea guilielmi Cabanis, 1888"
GBIF_1410549604,-5.958278,147.19302,,,,,,,Morobe,2004,1410549604,"Paradisaea guilielmi Cabanis, 1888"
GBIF_4279647343,-5.916666,146.783,533.0,99.8,2684.0,23.795833587646484,52.31105041503906,Tree cover,Morobe,2003,4279647343,"Paradisaea guilielmi Cabanis, 1888"
GBIF_4314716253,-5.916666,146.783,533.0,99.8,2684.0,23.795833587646484,52.31105041503906,Tree cover,Morobe,2003,4314716253,"Paradisaea guilielmi Cabanis, 1888"
GBIF_5707236973,-6.41667,146.75,1099.0,91.3,2381.0,20.162500381469727,28.506452560424805,Tree cover,Morobe,1999,5707236973,"Paradisaea guilielmi Cabanis, 1888"
GBIF_2724966215,-6.07723,147.19028,1183.0,97.1,2738.0,19.491666793823242,39.53579330444336,Tree cover,Morobe,1998,2724966215,"Paradisaea guilielmi Cabanis, 1888"
GBIF_1790043849,-6.724152,146.9915,15.0,37.3,3951.0,26.5625,24.302783966064453,Grassland,Morobe,1997,1790043849,"Paradisaea guilielmi Cabanis, 1888"
GBIF_1788929174,-6.612175,146.99892,268.0,91.4,2936.0,25.75,12.394503593444824,Tree cover,Morobe,1997,1788929174,"Paradisaea guilielmi Cabanis, 1888"
GBIF_591434437,-6.60706,147.02231,265.0,97.1,2880.0,25.512500762939453,11.920149803161621,Tree cover,Morobe,1996,591434437,"Paradisaea guilielmi Cabanis, 1888"
GBIF_2432413757,-6.432,146.822,791.0,46.3,2230.0,22.450000762939453,33.21041488647461,Grassland,,1996,2432413757,"Paradisaea guilielmi Cabanis, 1888"
GBIF_2719627400,-6.564,146.727,78.0,1.2,2599.0,26.912500381469727,11.574701309204102,Grassland,Morobe,1995,2719627400,"Paradisaea guilielmi Cabanis, 1888"
GBIF_1411462471,-6.606975,146.80995,36.0,91.9,2722.0,26.71666717529297,13.451526641845703,Tree cover,Morobe,1993,1411462471,"Paradisaea guilielmi Cabanis, 1888"
GBIF_1792473558,-6.606975,146.80995,36.0,91.9,2722.0,26.71666717529297,13.451526641845703,Tree cover,Morobe,1993,1792473558,"Paradisaea guilielmi Cabanis, 1888"
GBIF_2718923376,-6.442224,146.75606,1099.0,95.1,2297.0,22.612499237060547,28.40625762939453,Tree cover,Morobe,1993,2718923376,"Paradisaea guilielmi Cabanis, 1888"
GBIF_2792336843,-6.442224,146.75606,1099.0,95.1,2297.0,22.612499237060547,28.40625762939453,Tree cover,Morobe,1992,2792336843,"Paradisaea guilielmi Cabanis, 1888"
GBIF_5646116334,-6.029125,147.19821,508.0,94.6,3405.0,23.741666793823242,47.41062927246094,Tree cover,Morobe,1992,5646116334,"Paradisaea guilielmi Cabanis, 1888"
GBIF_5667461284,-6.029125,147.19821,508.0,94.6,3405.0,23.741666793823242,47.41062927246094,Tree cover,Morobe,1992,5667461284,"Paradisaea guilielmi Cabanis, 1888"
GBIF_833219419,-6.029125,147.19821,508.0,94.6,3405.0,23.741666793823242,47.41062927246094,Tree cover,Morobe,1990,833219419,"Paradisaea guilielmi Cabanis, 1888"
GBIF_833229228,-6.029125,147.19821,508.0,94.6,3405.0,23.741666793823242,47.41062927246094,Tree cover,Morobe,1990,833229228,"Paradisaea guilielmi Cabanis, 1888"
GBIF_4755478705,-6.094975,147.19714,1813.0,98.5,2673.0,18.15416717529297,38.232601165771484,Tree cover,Morobe,1989,4755478705,"Paradisaea guilielmi Cabanis, 1888"
GBIF_4845315957,-6.094975,147.19714,1813.0,98.5,2673.0,18.15416717529297,38.232601165771484,Tree cover,Morobe,1989,4845315957,"Paradisaea guilielmi Cabanis, 1888"
GBIF_3253093285,-6.443247,146.80841,791.0,92.9,2236.0,23.89583396911621,26.96686363220215,Tree cover,Morobe,1987,3253093285,"Paradisaea guilielmi Cabanis, 1888"
GBIF_3570323951,-6.436709,146.81969,791.0,90.3,2274.0,22.829166412353516,31.660669326782227,Tree cover,Morobe,1987,3570323951,"Paradisaea guilielmi Cabanis, 1888"
GBIF_5713340110,-6.44495,146.80669,791.0,82.2,2253.0,23.59583282470703,28.72065544128418,Tree cover,Morobe,1987,5713340110,"Paradisaea guilielmi Cabanis, 1888"
GBIF_1193881816,-6.060758,147.18796,1183.0,99.9,2877.0,20.820833206176758,39.842384338378906,Tree cover,Morobe,1987,1193881816,"Paradisaea guilielmi Cabanis, 1888"
GBIF_2718709569,-6.724152,146.9915,15.0,37.3,3951.0,26.5625,24.302783966064453,Grassland,Morobe,1986,2718709569,"Paradisaea guilielmi Cabanis, 1888"
GBIF_4350730403,-6.029125,147.19821,508.0,94.6,3405.0,23.741666793823242,47.41062927246094,Tree cover,Morobe,1983,4350730403,"Paradisaea guilielmi Cabanis, 1888"
GBIF_1147155959,-6.166667,147.333333,1685.0,93.7,2638.0,19.516666412353516,39.08808898925781,Grassland,Morobe,1975,1147155959,"Paradisaea guilielmi Cabanis, 1888"
GBIF_5083973157,-6.351158,147.297852,2509.0,100.0,2565.0,13.266666412353516,36.816219329833984,Tree cover,Morobe Province,,5083973157,"Paradisaea guilielmi Cabanis, 1888"
GBIF_6061938425,-6.483353,147.766672,601.0,97.0,2973.0,23.387500762939453,10.49031925201416,Tree cover,Morobe,,6061938425,"Paradisaea guilielmi Cabanis, 1888"
